benchmark,condition,condition_label,phase,iteration,query_elapsed_ms,explain_wall_ms,planning_ms,execution_ms,shared_hit_blocks,shared_read_blocks,row_count,result_sha256,node_types,index_names_used,plan_file
B01,A,无 crash_date 前导二级索引,warmup,1,12.293800,14.767600,0.710000,8.281000,899,0,100,44ecfbc628f503fceabe8e38dae334c0bb7fba1c56e490a92598e09c41ee68f6,Limit;Seq Scan;Sort,,
B01,B,crash_date、collision_id 日期复合索引,warmup,1,2.970200,3.451000,0.535000,0.130000,3,2,100,44ecfbc628f503fceabe8e38dae334c0bb7fba1c56e490a92598e09c41ee68f6,Index Only Scan;Limit,ix_collision_date_id,
B01,A,无 crash_date 前导二级索引,warmup,2,10.225100,14.783800,0.274000,11.108000,896,0,100,44ecfbc628f503fceabe8e38dae334c0bb7fba1c56e490a92598e09c41ee68f6,Limit;Seq Scan;Sort,,
B01,B,crash_date、collision_id 日期复合索引,warmup,2,3.470300,3.860500,0.542000,0.126000,3,2,100,44ecfbc628f503fceabe8e38dae334c0bb7fba1c56e490a92598e09c41ee68f6,Index Only Scan;Limit,ix_collision_date_id,
B01,A,无 crash_date 前导二级索引,warmup,3,13.218200,15.179200,0.402000,10.532000,896,0,100,44ecfbc628f503fceabe8e38dae334c0bb7fba1c56e490a92598e09c41ee68f6,Limit;Seq Scan;Sort,,
B01,B,crash_date、collision_id 日期复合索引,warmup,3,11.735500,12.669500,0.654000,0.148000,3,2,100,44ecfbc628f503fceabe8e38dae334c0bb7fba1c56e490a92598e09c41ee68f6,Index Only Scan;Limit,ix_collision_date_id,
B01,A,无 crash_date 前导二级索引,measure,1,13.464300,23.151100,0.266000,19.020000,896,0,100,44ecfbc628f503fceabe8e38dae334c0bb7fba1c56e490a92598e09c41ee68f6,Limit;Seq Scan;Sort,,plans/B01/A_01.json
B01,B,crash_date、collision_id 日期复合索引,measure,1,5.449300,5.456300,0.566000,0.146000,3,2,100,44ecfbc628f503fceabe8e38dae334c0bb7fba1c56e490a92598e09c41ee68f6,Index Only Scan;Limit,ix_collision_date_id,plans/B01/B_01.json
B01,A,无 crash_date 前导二级索引,measure,2,16.216500,25.050600,0.349000,17.980000,896,0,100,44ecfbc628f503fceabe8e38dae334c0bb7fba1c56e490a92598e09c41ee68f6,Limit;Seq Scan;Sort,,plans/B01/A_02.json
B01,B,crash_date、collision_id 日期复合索引,measure,2,3.893000,4.755200,1.195000,0.146000,3,2,100,44ecfbc628f503fceabe8e38dae334c0bb7fba1c56e490a92598e09c41ee68f6,Index Only Scan;Limit,ix_collision_date_id,plans/B01/B_02.json
B01,A,无 crash_date 前导二级索引,measure,3,12.772500,13.094600,0.472000,8.908000,896,0,100,44ecfbc628f503fceabe8e38dae334c0bb7fba1c56e490a92598e09c41ee68f6,Limit;Seq Scan;Sort,,plans/B01/A_03.json
B01,B,crash_date、collision_id 日期复合索引,measure,3,2.396900,4.015800,1.418000,0.209000,3,2,100,44ecfbc628f503fceabe8e38dae334c0bb7fba1c56e490a92598e09c41ee68f6,Index Only Scan;Limit,ix_collision_date_id,plans/B01/B_03.json
B01,A,无 crash_date 前导二级索引,measure,4,12.703700,10.841100,0.261000,7.579000,896,0,100,44ecfbc628f503fceabe8e38dae334c0bb7fba1c56e490a92598e09c41ee68f6,Limit;Seq Scan;Sort,,plans/B01/A_04.json
B01,B,crash_date、collision_id 日期复合索引,measure,4,3.069400,4.826400,1.332000,0.144000,3,2,100,44ecfbc628f503fceabe8e38dae334c0bb7fba1c56e490a92598e09c41ee68f6,Index Only Scan;Limit,ix_collision_date_id,plans/B01/B_04.json
B01,A,无 crash_date 前导二级索引,measure,5,19.147900,15.954200,0.303000,11.883000,896,0,100,44ecfbc628f503fceabe8e38dae334c0bb7fba1c56e490a92598e09c41ee68f6,Limit;Seq Scan;Sort,,plans/B01/A_05.json
B01,B,crash_date、collision_id 日期复合索引,measure,5,3.751400,3.574300,0.612000,0.177000,3,2,100,44ecfbc628f503fceabe8e38dae334c0bb7fba1c56e490a92598e09c41ee68f6,Index Only Scan;Limit,ix_collision_date_id,plans/B01/B_05.json
B01,A,无 crash_date 前导二级索引,measure,6,13.987900,13.181700,0.291000,9.672000,896,0,100,44ecfbc628f503fceabe8e38dae334c0bb7fba1c56e490a92598e09c41ee68f6,Limit;Seq Scan;Sort,,plans/B01/A_06.json
B01,B,crash_date、collision_id 日期复合索引,measure,6,3.310000,3.781600,0.496000,0.091000,3,2,100,44ecfbc628f503fceabe8e38dae334c0bb7fba1c56e490a92598e09c41ee68f6,Index Only Scan;Limit,ix_collision_date_id,plans/B01/B_06.json
B01,A,无 crash_date 前导二级索引,measure,7,8.958600,9.819800,0.230000,7.087000,896,0,100,44ecfbc628f503fceabe8e38dae334c0bb7fba1c56e490a92598e09c41ee68f6,Limit;Seq Scan;Sort,,plans/B01/A_07.json
B01,B,crash_date、collision_id 日期复合索引,measure,7,2.235600,2.951700,0.465000,0.114000,3,2,100,44ecfbc628f503fceabe8e38dae334c0bb7fba1c56e490a92598e09c41ee68f6,Index Only Scan;Limit,ix_collision_date_id,plans/B01/B_07.json
B01,A,无 crash_date 前导二级索引,measure,8,10.258900,14.857100,0.268000,11.451000,896,0,100,44ecfbc628f503fceabe8e38dae334c0bb7fba1c56e490a92598e09c41ee68f6,Limit;Seq Scan;Sort,,plans/B01/A_08.json
B01,B,crash_date、collision_id 日期复合索引,measure,8,3.514000,4.820400,0.789000,0.147000,3,2,100,44ecfbc628f503fceabe8e38dae334c0bb7fba1c56e490a92598e09c41ee68f6,Index Only Scan;Limit,ix_collision_date_id,plans/B01/B_08.json
B01,A,无 crash_date 前导二级索引,measure,9,12.030300,15.093700,0.338000,10.149000,896,0,100,44ecfbc628f503fceabe8e38dae334c0bb7fba1c56e490a92598e09c41ee68f6,Limit;Seq Scan;Sort,,plans/B01/A_09.json
B01,B,crash_date、collision_id 日期复合索引,measure,9,3.996000,3.210500,0.568000,0.116000,3,2,100,44ecfbc628f503fceabe8e38dae334c0bb7fba1c56e490a92598e09c41ee68f6,Index Only Scan;Limit,ix_collision_date_id,plans/B01/B_09.json
B01,A,无 crash_date 前导二级索引,measure,10,10.423600,14.345000,0.246000,11.055000,896,0,100,44ecfbc628f503fceabe8e38dae334c0bb7fba1c56e490a92598e09c41ee68f6,Limit;Seq Scan;Sort,,plans/B01/A_10.json
B01,B,crash_date、collision_id 日期复合索引,measure,10,2.458500,2.806100,0.391000,0.092000,3,2,100,44ecfbc628f503fceabe8e38dae334c0bb7fba1c56e490a92598e09c41ee68f6,Index Only Scan;Limit,ix_collision_date_id,plans/B01/B_10.json
B01,A,无 crash_date 前导二级索引,measure,11,10.005800,11.706800,0.251000,8.666000,896,0,100,44ecfbc628f503fceabe8e38dae334c0bb7fba1c56e490a92598e09c41ee68f6,Limit;Seq Scan;Sort,,plans/B01/A_11.json
B01,B,crash_date、collision_id 日期复合索引,measure,11,2.512800,3.592500,0.558000,0.142000,3,2,100,44ecfbc628f503fceabe8e38dae334c0bb7fba1c56e490a92598e09c41ee68f6,Index Only Scan;Limit,ix_collision_date_id,plans/B01/B_11.json
B01,A,无 crash_date 前导二级索引,measure,12,12.246100,15.181700,0.253000,11.867000,896,0,100,44ecfbc628f503fceabe8e38dae334c0bb7fba1c56e490a92598e09c41ee68f6,Limit;Seq Scan;Sort,,plans/B01/A_12.json
B01,B,crash_date、collision_id 日期复合索引,measure,12,2.210700,2.477600,0.419000,0.091000,3,2,100,44ecfbc628f503fceabe8e38dae334c0bb7fba1c56e490a92598e09c41ee68f6,Index Only Scan;Limit,ix_collision_date_id,plans/B01/B_12.json
B01,A,无 crash_date 前导二级索引,measure,13,10.074600,25.626600,12.512000,10.310000,896,0,100,44ecfbc628f503fceabe8e38dae334c0bb7fba1c56e490a92598e09c41ee68f6,Limit;Seq Scan;Sort,,plans/B01/A_13.json
B01,B,crash_date、collision_id 日期复合索引,measure,13,2.465500,2.708800,0.355000,0.089000,3,2,100,44ecfbc628f503fceabe8e38dae334c0bb7fba1c56e490a92598e09c41ee68f6,Index Only Scan;Limit,ix_collision_date_id,plans/B01/B_13.json
B01,A,无 crash_date 前导二级索引,measure,14,11.075800,14.450600,0.372000,11.257000,896,0,100,44ecfbc628f503fceabe8e38dae334c0bb7fba1c56e490a92598e09c41ee68f6,Limit;Seq Scan;Sort,,plans/B01/A_14.json
B01,B,crash_date、collision_id 日期复合索引,measure,14,2.220000,3.297200,0.558000,0.100000,3,2,100,44ecfbc628f503fceabe8e38dae334c0bb7fba1c56e490a92598e09c41ee68f6,Index Only Scan;Limit,ix_collision_date_id,plans/B01/B_14.json
B01,A,无 crash_date 前导二级索引,measure,15,10.730400,11.306200,0.234000,8.044000,896,0,100,44ecfbc628f503fceabe8e38dae334c0bb7fba1c56e490a92598e09c41ee68f6,Limit;Seq Scan;Sort,,plans/B01/A_15.json
B01,B,crash_date、collision_id 日期复合索引,measure,15,2.927200,6.361800,0.856000,0.265000,3,2,100,44ecfbc628f503fceabe8e38dae334c0bb7fba1c56e490a92598e09c41ee68f6,Index Only Scan;Limit,ix_collision_date_id,plans/B01/B_15.json
B01,A,无 crash_date 前导二级索引,measure,16,10.841000,11.002100,0.283000,8.124000,896,0,100,44ecfbc628f503fceabe8e38dae334c0bb7fba1c56e490a92598e09c41ee68f6,Limit;Seq Scan;Sort,,plans/B01/A_16.json
B01,B,crash_date、collision_id 日期复合索引,measure,16,2.310100,3.945100,0.612000,0.130000,3,2,100,44ecfbc628f503fceabe8e38dae334c0bb7fba1c56e490a92598e09c41ee68f6,Index Only Scan;Limit,ix_collision_date_id,plans/B01/B_16.json
B01,A,无 crash_date 前导二级索引,measure,17,14.068200,16.676800,0.260000,10.960000,896,0,100,44ecfbc628f503fceabe8e38dae334c0bb7fba1c56e490a92598e09c41ee68f6,Limit;Seq Scan;Sort,,plans/B01/A_17.json
B01,B,crash_date、collision_id 日期复合索引,measure,17,2.929100,3.175300,0.465000,0.113000,3,2,100,44ecfbc628f503fceabe8e38dae334c0bb7fba1c56e490a92598e09c41ee68f6,Index Only Scan;Limit,ix_collision_date_id,plans/B01/B_17.json
B01,A,无 crash_date 前导二级索引,measure,18,9.917500,13.837200,0.329000,10.113000,896,0,100,44ecfbc628f503fceabe8e38dae334c0bb7fba1c56e490a92598e09c41ee68f6,Limit;Seq Scan;Sort,,plans/B01/A_18.json
B01,B,crash_date、collision_id 日期复合索引,measure,18,2.385000,3.308300,0.497000,0.146000,3,2,100,44ecfbc628f503fceabe8e38dae334c0bb7fba1c56e490a92598e09c41ee68f6,Index Only Scan;Limit,ix_collision_date_id,plans/B01/B_18.json
B01,A,无 crash_date 前导二级索引,measure,19,11.901900,11.475300,0.318000,7.465000,896,0,100,44ecfbc628f503fceabe8e38dae334c0bb7fba1c56e490a92598e09c41ee68f6,Limit;Seq Scan;Sort,,plans/B01/A_19.json
B01,B,crash_date、collision_id 日期复合索引,measure,19,2.513700,2.918800,0.570000,0.121000,3,2,100,44ecfbc628f503fceabe8e38dae334c0bb7fba1c56e490a92598e09c41ee68f6,Index Only Scan;Limit,ix_collision_date_id,plans/B01/B_19.json
B01,A,无 crash_date 前导二级索引,measure,20,11.057500,13.556200,0.276000,9.964000,896,0,100,44ecfbc628f503fceabe8e38dae334c0bb7fba1c56e490a92598e09c41ee68f6,Limit;Seq Scan;Sort,,plans/B01/A_20.json
B01,B,crash_date、collision_id 日期复合索引,measure,20,3.883900,3.050500,0.453000,0.095000,3,2,100,44ecfbc628f503fceabe8e38dae334c0bb7fba1c56e490a92598e09c41ee68f6,Index Only Scan;Limit,ix_collision_date_id,plans/B01/B_20.json
B02,A,location_id 单列索引；共同关闭日期索引,warmup,1,3.470500,4.439300,1.070000,0.362000,93,2,137,fb246cb324ab2727b8926db2a90a3465d727b5a14e84dcdd382628a3a09930f8,Index Scan;Sort,m7_bench_ix_collision_location,
B02,B,location_id、crash_date 复合索引；共同关闭日期索引,warmup,1,2.907600,4.152600,0.462000,0.525000,90,3,137,fb246cb324ab2727b8926db2a90a3465d727b5a14e84dcdd382628a3a09930f8,Bitmap Heap Scan;Bitmap Index Scan;Sort,ix_collision_location_date,
B02,A,location_id 单列索引；共同关闭日期索引,warmup,2,2.481900,4.123000,0.623000,0.416000,90,2,137,fb246cb324ab2727b8926db2a90a3465d727b5a14e84dcdd382628a3a09930f8,Index Scan;Sort,m7_bench_ix_collision_location,
B02,B,location_id、crash_date 复合索引；共同关闭日期索引,warmup,2,2.866300,3.034000,0.434000,0.389000,90,3,137,fb246cb324ab2727b8926db2a90a3465d727b5a14e84dcdd382628a3a09930f8,Bitmap Heap Scan;Bitmap Index Scan;Sort,ix_collision_location_date,
B02,A,location_id 单列索引；共同关闭日期索引,warmup,3,2.706800,2.788200,0.324000,0.312000,90,2,137,fb246cb324ab2727b8926db2a90a3465d727b5a14e84dcdd382628a3a09930f8,Index Scan;Sort,m7_bench_ix_collision_location,
B02,B,location_id、crash_date 复合索引；共同关闭日期索引,warmup,3,3.879300,4.002700,0.417000,0.424000,90,3,137,fb246cb324ab2727b8926db2a90a3465d727b5a14e84dcdd382628a3a09930f8,Bitmap Heap Scan;Bitmap Index Scan;Sort,ix_collision_location_date,
B02,A,location_id 单列索引；共同关闭日期索引,measure,1,2.795600,4.203900,0.328000,0.316000,90,2,137,fb246cb324ab2727b8926db2a90a3465d727b5a14e84dcdd382628a3a09930f8,Index Scan;Sort,m7_bench_ix_collision_location,plans/B02/A_01.json
B02,B,location_id、crash_date 复合索引；共同关闭日期索引,measure,1,4.468500,3.234400,0.337000,0.357000,90,3,137,fb246cb324ab2727b8926db2a90a3465d727b5a14e84dcdd382628a3a09930f8,Bitmap Heap Scan;Bitmap Index Scan;Sort,ix_collision_location_date,plans/B02/B_01.json
B02,A,location_id 单列索引；共同关闭日期索引,measure,2,4.587500,2.897500,0.344000,0.272000,90,2,137,fb246cb324ab2727b8926db2a90a3465d727b5a14e84dcdd382628a3a09930f8,Index Scan;Sort,m7_bench_ix_collision_location,plans/B02/A_02.json
B02,B,location_id、crash_date 复合索引；共同关闭日期索引,measure,2,3.991400,5.159700,0.605000,0.628000,90,3,137,fb246cb324ab2727b8926db2a90a3465d727b5a14e84dcdd382628a3a09930f8,Bitmap Heap Scan;Bitmap Index Scan;Sort,ix_collision_location_date,plans/B02/B_02.json
B02,A,location_id 单列索引；共同关闭日期索引,measure,3,2.311900,4.132800,0.984000,0.391000,90,2,137,fb246cb324ab2727b8926db2a90a3465d727b5a14e84dcdd382628a3a09930f8,Index Scan;Sort,m7_bench_ix_collision_location,plans/B02/A_03.json
B02,B,location_id、crash_date 复合索引；共同关闭日期索引,measure,3,2.567800,3.800000,0.492000,0.402000,90,3,137,fb246cb324ab2727b8926db2a90a3465d727b5a14e84dcdd382628a3a09930f8,Bitmap Heap Scan;Bitmap Index Scan;Sort,ix_collision_location_date,plans/B02/B_03.json
B02,A,location_id 单列索引；共同关闭日期索引,measure,4,2.288700,3.157600,0.488000,0.283000,90,2,137,fb246cb324ab2727b8926db2a90a3465d727b5a14e84dcdd382628a3a09930f8,Index Scan;Sort,m7_bench_ix_collision_location,plans/B02/A_04.json
B02,B,location_id、crash_date 复合索引；共同关闭日期索引,measure,4,3.298200,4.161000,0.408000,0.449000,90,3,137,fb246cb324ab2727b8926db2a90a3465d727b5a14e84dcdd382628a3a09930f8,Bitmap Heap Scan;Bitmap Index Scan;Sort,ix_collision_location_date,plans/B02/B_04.json
B02,A,location_id 单列索引；共同关闭日期索引,measure,5,3.259000,5.720800,0.732000,0.497000,90,2,137,fb246cb324ab2727b8926db2a90a3465d727b5a14e84dcdd382628a3a09930f8,Index Scan;Sort,m7_bench_ix_collision_location,plans/B02/A_05.json
B02,B,location_id、crash_date 复合索引；共同关闭日期索引,measure,5,2.898700,3.312200,0.346000,0.320000,90,3,137,fb246cb324ab2727b8926db2a90a3465d727b5a14e84dcdd382628a3a09930f8,Bitmap Heap Scan;Bitmap Index Scan;Sort,ix_collision_location_date,plans/B02/B_05.json
B02,A,location_id 单列索引；共同关闭日期索引,measure,6,2.624800,3.167900,0.329000,0.326000,90,2,137,fb246cb324ab2727b8926db2a90a3465d727b5a14e84dcdd382628a3a09930f8,Index Scan;Sort,m7_bench_ix_collision_location,plans/B02/A_06.json
B02,B,location_id、crash_date 复合索引；共同关闭日期索引,measure,6,2.860300,3.805500,0.496000,0.500000,90,3,137,fb246cb324ab2727b8926db2a90a3465d727b5a14e84dcdd382628a3a09930f8,Bitmap Heap Scan;Bitmap Index Scan;Sort,ix_collision_location_date,plans/B02/B_06.json
B02,A,location_id 单列索引；共同关闭日期索引,measure,7,3.420600,8.243300,4.712000,0.352000,90,2,137,fb246cb324ab2727b8926db2a90a3465d727b5a14e84dcdd382628a3a09930f8,Index Scan;Sort,m7_bench_ix_collision_location,plans/B02/A_07.json
B02,B,location_id、crash_date 复合索引；共同关闭日期索引,measure,7,4.066900,3.129200,0.374000,0.327000,90,3,137,fb246cb324ab2727b8926db2a90a3465d727b5a14e84dcdd382628a3a09930f8,Bitmap Heap Scan;Bitmap Index Scan;Sort,ix_collision_location_date,plans/B02/B_07.json
B02,A,location_id 单列索引；共同关闭日期索引,measure,8,2.917500,3.526100,0.495000,0.481000,90,2,137,fb246cb324ab2727b8926db2a90a3465d727b5a14e84dcdd382628a3a09930f8,Index Scan;Sort,m7_bench_ix_collision_location,plans/B02/A_08.json
B02,B,location_id、crash_date 复合索引；共同关闭日期索引,measure,8,4.451000,5.941000,0.881000,0.793000,90,3,137,fb246cb324ab2727b8926db2a90a3465d727b5a14e84dcdd382628a3a09930f8,Bitmap Heap Scan;Bitmap Index Scan;Sort,ix_collision_location_date,plans/B02/B_08.json
B02,A,location_id 单列索引；共同关闭日期索引,measure,9,3.141000,4.276500,0.602000,0.704000,90,2,137,fb246cb324ab2727b8926db2a90a3465d727b5a14e84dcdd382628a3a09930f8,Index Scan;Sort,m7_bench_ix_collision_location,plans/B02/A_09.json
B02,B,location_id、crash_date 复合索引；共同关闭日期索引,measure,9,3.178100,7.066500,0.898000,0.887000,90,3,137,fb246cb324ab2727b8926db2a90a3465d727b5a14e84dcdd382628a3a09930f8,Bitmap Heap Scan;Bitmap Index Scan;Sort,ix_collision_location_date,plans/B02/B_09.json
B02,A,location_id 单列索引；共同关闭日期索引,measure,10,2.371800,3.460500,0.356000,0.322000,90,2,137,fb246cb324ab2727b8926db2a90a3465d727b5a14e84dcdd382628a3a09930f8,Index Scan;Sort,m7_bench_ix_collision_location,plans/B02/A_10.json
B02,B,location_id、crash_date 复合索引；共同关闭日期索引,measure,10,2.816600,4.184400,0.382000,0.564000,90,3,137,fb246cb324ab2727b8926db2a90a3465d727b5a14e84dcdd382628a3a09930f8,Bitmap Heap Scan;Bitmap Index Scan;Sort,ix_collision_location_date,plans/B02/B_10.json
B02,A,location_id 单列索引；共同关闭日期索引,measure,11,3.148800,5.435900,0.521000,0.490000,90,2,137,fb246cb324ab2727b8926db2a90a3465d727b5a14e84dcdd382628a3a09930f8,Index Scan;Sort,m7_bench_ix_collision_location,plans/B02/A_11.json
B02,B,location_id、crash_date 复合索引；共同关闭日期索引,measure,11,3.078100,4.801800,0.919000,1.058000,90,3,137,fb246cb324ab2727b8926db2a90a3465d727b5a14e84dcdd382628a3a09930f8,Bitmap Heap Scan;Bitmap Index Scan;Sort,ix_collision_location_date,plans/B02/B_11.json
B02,A,location_id 单列索引；共同关闭日期索引,measure,12,3.000900,4.443900,0.354000,0.479000,90,2,137,fb246cb324ab2727b8926db2a90a3465d727b5a14e84dcdd382628a3a09930f8,Index Scan;Sort,m7_bench_ix_collision_location,plans/B02/A_12.json
B02,B,location_id、crash_date 复合索引；共同关闭日期索引,measure,12,3.597500,5.294800,0.595000,0.871000,90,3,137,fb246cb324ab2727b8926db2a90a3465d727b5a14e84dcdd382628a3a09930f8,Bitmap Heap Scan;Bitmap Index Scan;Sort,ix_collision_location_date,plans/B02/B_12.json
B02,A,location_id 单列索引；共同关闭日期索引,measure,13,3.105000,4.818900,0.524000,0.470000,90,2,137,fb246cb324ab2727b8926db2a90a3465d727b5a14e84dcdd382628a3a09930f8,Index Scan;Sort,m7_bench_ix_collision_location,plans/B02/A_13.json
B02,B,location_id、crash_date 复合索引；共同关闭日期索引,measure,13,2.906600,5.918100,0.738000,0.722000,90,3,137,fb246cb324ab2727b8926db2a90a3465d727b5a14e84dcdd382628a3a09930f8,Bitmap Heap Scan;Bitmap Index Scan;Sort,ix_collision_location_date,plans/B02/B_13.json
B02,A,location_id 单列索引；共同关闭日期索引,measure,14,4.977500,4.510000,0.436000,0.729000,90,2,137,fb246cb324ab2727b8926db2a90a3465d727b5a14e84dcdd382628a3a09930f8,Index Scan;Sort,m7_bench_ix_collision_location,plans/B02/A_14.json
B02,B,location_id、crash_date 复合索引；共同关闭日期索引,measure,14,3.066400,3.671300,0.498000,0.420000,90,3,137,fb246cb324ab2727b8926db2a90a3465d727b5a14e84dcdd382628a3a09930f8,Bitmap Heap Scan;Bitmap Index Scan;Sort,ix_collision_location_date,plans/B02/B_14.json
B02,A,location_id 单列索引；共同关闭日期索引,measure,15,2.627600,3.384700,0.362000,0.255000,90,2,137,fb246cb324ab2727b8926db2a90a3465d727b5a14e84dcdd382628a3a09930f8,Index Scan;Sort,m7_bench_ix_collision_location,plans/B02/A_15.json
B02,B,location_id、crash_date 复合索引；共同关闭日期索引,measure,15,4.022700,4.446300,0.672000,0.639000,90,3,137,fb246cb324ab2727b8926db2a90a3465d727b5a14e84dcdd382628a3a09930f8,Bitmap Heap Scan;Bitmap Index Scan;Sort,ix_collision_location_date,plans/B02/B_15.json
B02,A,location_id 单列索引；共同关闭日期索引,measure,16,2.622700,3.767100,1.101000,0.316000,90,2,137,fb246cb324ab2727b8926db2a90a3465d727b5a14e84dcdd382628a3a09930f8,Index Scan;Sort,m7_bench_ix_collision_location,plans/B02/A_16.json
B02,B,location_id、crash_date 复合索引；共同关闭日期索引,measure,16,2.955500,5.679500,0.735000,1.048000,90,3,137,fb246cb324ab2727b8926db2a90a3465d727b5a14e84dcdd382628a3a09930f8,Bitmap Heap Scan;Bitmap Index Scan;Sort,ix_collision_location_date,plans/B02/B_16.json
B02,A,location_id 单列索引；共同关闭日期索引,measure,17,2.599500,4.295100,0.413000,0.406000,90,2,137,fb246cb324ab2727b8926db2a90a3465d727b5a14e84dcdd382628a3a09930f8,Index Scan;Sort,m7_bench_ix_collision_location,plans/B02/A_17.json
B02,B,location_id、crash_date 复合索引；共同关闭日期索引,measure,17,2.551300,8.216400,1.014000,1.954000,90,3,137,fb246cb324ab2727b8926db2a90a3465d727b5a14e84dcdd382628a3a09930f8,Bitmap Heap Scan;Bitmap Index Scan;Sort,ix_collision_location_date,plans/B02/B_17.json
B02,A,location_id 单列索引；共同关闭日期索引,measure,18,2.911500,3.159100,0.427000,0.320000,90,2,137,fb246cb324ab2727b8926db2a90a3465d727b5a14e84dcdd382628a3a09930f8,Index Scan;Sort,m7_bench_ix_collision_location,plans/B02/A_18.json
B02,B,location_id、crash_date 复合索引；共同关闭日期索引,measure,18,4.106900,4.762800,0.593000,0.920000,90,3,137,fb246cb324ab2727b8926db2a90a3465d727b5a14e84dcdd382628a3a09930f8,Bitmap Heap Scan;Bitmap Index Scan;Sort,ix_collision_location_date,plans/B02/B_18.json
B02,A,location_id 单列索引；共同关闭日期索引,measure,19,2.607700,3.561400,0.587000,0.319000,90,2,137,fb246cb324ab2727b8926db2a90a3465d727b5a14e84dcdd382628a3a09930f8,Index Scan;Sort,m7_bench_ix_collision_location,plans/B02/A_19.json
B02,B,location_id、crash_date 复合索引；共同关闭日期索引,measure,19,3.322600,3.675500,0.447000,0.480000,90,3,137,fb246cb324ab2727b8926db2a90a3465d727b5a14e84dcdd382628a3a09930f8,Bitmap Heap Scan;Bitmap Index Scan;Sort,ix_collision_location_date,plans/B02/B_19.json
B02,A,location_id 单列索引；共同关闭日期索引,measure,20,3.311800,4.672200,0.526000,0.683000,90,2,137,fb246cb324ab2727b8926db2a90a3465d727b5a14e84dcdd382628a3a09930f8,Index Scan;Sort,m7_bench_ix_collision_location,plans/B02/A_20.json
B02,B,location_id、crash_date 复合索引；共同关闭日期索引,measure,20,2.707900,3.652700,0.467000,0.451000,90,3,137,fb246cb324ab2727b8926db2a90a3465d727b5a14e84dcdd382628a3a09930f8,Bitmap Heap Scan;Bitmap Index Scan;Sort,ix_collision_location_date,plans/B02/B_20.json
B03,A,无匹配 geography GiST 索引,warmup,1,311.165000,731.600400,2.531000,722.259000,3344,275,5,99f1e67ef622c0dfb987961084291a0bab58fea15a90b3bb1db776dda32ca840,Bitmap Heap Scan;Bitmap Index Scan;Gather Merge;Index Scan;Limit;Nested Loop;Sort,ix_collision_location_date;ix_location_geom,
B03,B,geom::geography GiST 局部索引,warmup,1,18.027300,8.116100,1.460000,0.534000,24,0,5,99f1e67ef622c0dfb987961084291a0bab58fea15a90b3bb1db776dda32ca840,Index Scan;Limit;Nested Loop;Sort,ix_collision_location_date;ix_location_geography,
B03,A,无匹配 geography GiST 索引,warmup,2,472.118000,503.301800,1.219000,493.186000,2962,0,5,99f1e67ef622c0dfb987961084291a0bab58fea15a90b3bb1db776dda32ca840,Bitmap Heap Scan;Bitmap Index Scan;Gather Merge;Index Scan;Limit;Nested Loop;Sort,ix_collision_location_date;ix_location_geom,
B03,B,geom::geography GiST 局部索引,warmup,2,4.240000,7.116600,1.518000,0.686000,23,0,5,99f1e67ef622c0dfb987961084291a0bab58fea15a90b3bb1db776dda32ca840,Index Scan;Limit;Nested Loop;Sort,ix_collision_location_date;ix_location_geography,
B03,A,无匹配 geography GiST 索引,warmup,3,241.238200,370.045600,1.047000,365.243000,3619,0,5,99f1e67ef622c0dfb987961084291a0bab58fea15a90b3bb1db776dda32ca840,Bitmap Heap Scan;Bitmap Index Scan;Gather Merge;Index Scan;Limit;Nested Loop;Sort,ix_collision_location_date;ix_location_geom,
B03,B,geom::geography GiST 局部索引,warmup,3,5.130300,8.790300,1.962000,1.085000,22,0,5,99f1e67ef622c0dfb987961084291a0bab58fea15a90b3bb1db776dda32ca840,Index Scan;Limit;Nested Loop;Sort,ix_collision_location_date;ix_location_geography,
B03,A,无匹配 geography GiST 索引,measure,1,388.612700,406.112000,1.554000,400.260000,3619,0,5,99f1e67ef622c0dfb987961084291a0bab58fea15a90b3bb1db776dda32ca840,Bitmap Heap Scan;Bitmap Index Scan;Gather Merge;Index Scan;Limit;Nested Loop;Sort,ix_collision_location_date;ix_location_geom,plans/B03/A_01.json
B03,B,geom::geography GiST 局部索引,measure,1,10.509600,13.729500,2.017000,0.634000,22,0,5,99f1e67ef622c0dfb987961084291a0bab58fea15a90b3bb1db776dda32ca840,Index Scan;Limit;Nested Loop;Sort,ix_collision_location_date;ix_location_geography,plans/B03/B_01.json
B03,A,无匹配 geography GiST 索引,measure,2,365.079200,519.241400,1.632000,513.288000,3619,0,5,99f1e67ef622c0dfb987961084291a0bab58fea15a90b3bb1db776dda32ca840,Bitmap Heap Scan;Bitmap Index Scan;Gather Merge;Index Scan;Limit;Nested Loop;Sort,ix_collision_location_date;ix_location_geom,plans/B03/A_02.json
B03,B,geom::geography GiST 局部索引,measure,2,13.840800,7.205200,1.378000,0.482000,23,0,5,99f1e67ef622c0dfb987961084291a0bab58fea15a90b3bb1db776dda32ca840,Index Scan;Limit;Nested Loop;Sort,ix_collision_location_date;ix_location_geography,plans/B03/B_02.json
B03,A,无匹配 geography GiST 索引,measure,3,385.498800,824.330300,1.390000,808.133000,3619,0,5,99f1e67ef622c0dfb987961084291a0bab58fea15a90b3bb1db776dda32ca840,Bitmap Heap Scan;Bitmap Index Scan;Gather Merge;Index Scan;Limit;Nested Loop;Sort,ix_collision_location_date;ix_location_geom,plans/B03/A_03.json
B03,B,geom::geography GiST 局部索引,measure,3,4.591400,9.999000,1.165000,0.496000,23,0,5,99f1e67ef622c0dfb987961084291a0bab58fea15a90b3bb1db776dda32ca840,Index Scan;Limit;Nested Loop;Sort,ix_collision_location_date;ix_location_geography,plans/B03/B_03.json
B03,A,无匹配 geography GiST 索引,measure,4,278.661600,325.977300,1.446000,319.868000,3619,0,5,99f1e67ef622c0dfb987961084291a0bab58fea15a90b3bb1db776dda32ca840,Bitmap Heap Scan;Bitmap Index Scan;Gather Merge;Index Scan;Limit;Nested Loop;Sort,ix_collision_location_date;ix_location_geom,plans/B03/A_04.json
B03,B,geom::geography GiST 局部索引,measure,4,3.948100,5.157800,1.432000,0.611000,24,0,5,99f1e67ef622c0dfb987961084291a0bab58fea15a90b3bb1db776dda32ca840,Index Scan;Limit;Nested Loop;Sort,ix_collision_location_date;ix_location_geography,plans/B03/B_04.json
B03,A,无匹配 geography GiST 索引,measure,5,214.629500,228.334000,0.759000,223.903000,3619,0,5,99f1e67ef622c0dfb987961084291a0bab58fea15a90b3bb1db776dda32ca840,Bitmap Heap Scan;Bitmap Index Scan;Gather Merge;Index Scan;Limit;Nested Loop;Sort,ix_collision_location_date;ix_location_geom,plans/B03/A_05.json
B03,B,geom::geography GiST 局部索引,measure,5,4.232200,8.160900,2.278000,1.301000,23,0,5,99f1e67ef622c0dfb987961084291a0bab58fea15a90b3bb1db776dda32ca840,Index Scan;Limit;Nested Loop;Sort,ix_collision_location_date;ix_location_geography,plans/B03/B_05.json
B03,A,无匹配 geography GiST 索引,measure,6,266.535600,267.890200,1.417000,261.621000,3619,0,5,99f1e67ef622c0dfb987961084291a0bab58fea15a90b3bb1db776dda32ca840,Bitmap Heap Scan;Bitmap Index Scan;Gather Merge;Index Scan;Limit;Nested Loop;Sort,ix_collision_location_date;ix_location_geom,plans/B03/A_06.json
B03,B,geom::geography GiST 局部索引,measure,6,4.802400,8.506300,1.782000,0.818000,23,0,5,99f1e67ef622c0dfb987961084291a0bab58fea15a90b3bb1db776dda32ca840,Index Scan;Limit;Nested Loop;Sort,ix_collision_location_date;ix_location_geography,plans/B03/B_06.json
B03,A,无匹配 geography GiST 索引,measure,7,264.989000,281.942200,1.493000,276.086000,3619,0,5,99f1e67ef622c0dfb987961084291a0bab58fea15a90b3bb1db776dda32ca840,Bitmap Heap Scan;Bitmap Index Scan;Gather Merge;Index Scan;Limit;Nested Loop;Sort,ix_collision_location_date;ix_location_geom,plans/B03/A_07.json
B03,B,geom::geography GiST 局部索引,measure,7,7.429800,7.407500,1.841000,0.648000,24,0,5,99f1e67ef622c0dfb987961084291a0bab58fea15a90b3bb1db776dda32ca840,Index Scan;Limit;Nested Loop;Sort,ix_collision_location_date;ix_location_geography,plans/B03/B_07.json
B03,A,无匹配 geography GiST 索引,measure,8,405.851700,495.217400,1.202000,486.932000,3619,0,5,99f1e67ef622c0dfb987961084291a0bab58fea15a90b3bb1db776dda32ca840,Bitmap Heap Scan;Bitmap Index Scan;Gather Merge;Index Scan;Limit;Nested Loop;Sort,ix_collision_location_date;ix_location_geom,plans/B03/A_08.json
B03,B,geom::geography GiST 局部索引,measure,8,7.685500,20.485500,2.522000,0.554000,23,0,5,99f1e67ef622c0dfb987961084291a0bab58fea15a90b3bb1db776dda32ca840,Index Scan;Limit;Nested Loop;Sort,ix_collision_location_date;ix_location_geography,plans/B03/B_08.json
B03,A,无匹配 geography GiST 索引,measure,9,311.390800,458.443500,1.584000,449.317000,3619,0,5,99f1e67ef622c0dfb987961084291a0bab58fea15a90b3bb1db776dda32ca840,Bitmap Heap Scan;Bitmap Index Scan;Gather Merge;Index Scan;Limit;Nested Loop;Sort,ix_collision_location_date;ix_location_geom,plans/B03/A_09.json
B03,B,geom::geography GiST 局部索引,measure,9,5.072300,7.885100,2.709000,0.677000,24,0,5,99f1e67ef622c0dfb987961084291a0bab58fea15a90b3bb1db776dda32ca840,Index Scan;Limit;Nested Loop;Sort,ix_collision_location_date;ix_location_geography,plans/B03/B_09.json
B03,A,无匹配 geography GiST 索引,measure,10,486.495000,475.711700,1.576000,466.424000,3619,0,5,99f1e67ef622c0dfb987961084291a0bab58fea15a90b3bb1db776dda32ca840,Bitmap Heap Scan;Bitmap Index Scan;Gather Merge;Index Scan;Limit;Nested Loop;Sort,ix_collision_location_date;ix_location_geom,plans/B03/A_10.json
B03,B,geom::geography GiST 局部索引,measure,10,6.457400,6.091800,1.554000,0.695000,22,0,5,99f1e67ef622c0dfb987961084291a0bab58fea15a90b3bb1db776dda32ca840,Index Scan;Limit;Nested Loop;Sort,ix_collision_location_date;ix_location_geography,plans/B03/B_10.json
B03,A,无匹配 geography GiST 索引,measure,11,262.963400,253.366000,1.810000,247.150000,3619,0,5,99f1e67ef622c0dfb987961084291a0bab58fea15a90b3bb1db776dda32ca840,Bitmap Heap Scan;Bitmap Index Scan;Gather Merge;Index Scan;Limit;Nested Loop;Sort,ix_collision_location_date;ix_location_geom,plans/B03/A_11.json
B03,B,geom::geography GiST 局部索引,measure,11,4.480300,5.336700,1.482000,0.504000,24,0,5,99f1e67ef622c0dfb987961084291a0bab58fea15a90b3bb1db776dda32ca840,Index Scan;Limit;Nested Loop;Sort,ix_collision_location_date;ix_location_geography,plans/B03/B_11.json
B03,A,无匹配 geography GiST 索引,measure,12,236.430700,226.800100,1.478000,220.630000,3619,0,5,99f1e67ef622c0dfb987961084291a0bab58fea15a90b3bb1db776dda32ca840,Bitmap Heap Scan;Bitmap Index Scan;Gather Merge;Index Scan;Limit;Nested Loop;Sort,ix_collision_location_date;ix_location_geom,plans/B03/A_12.json
B03,B,geom::geography GiST 局部索引,measure,12,5.026000,7.335000,2.604000,0.511000,24,0,5,99f1e67ef622c0dfb987961084291a0bab58fea15a90b3bb1db776dda32ca840,Index Scan;Limit;Nested Loop;Sort,ix_collision_location_date;ix_location_geography,plans/B03/B_12.json
B03,A,无匹配 geography GiST 索引,measure,13,198.362900,236.339700,0.887000,231.910000,3619,0,5,99f1e67ef622c0dfb987961084291a0bab58fea15a90b3bb1db776dda32ca840,Bitmap Heap Scan;Bitmap Index Scan;Gather Merge;Index Scan;Limit;Nested Loop;Sort,ix_collision_location_date;ix_location_geom,plans/B03/A_13.json
B03,B,geom::geography GiST 局部索引,measure,13,3.197100,6.202600,2.429000,0.557000,23,0,5,99f1e67ef622c0dfb987961084291a0bab58fea15a90b3bb1db776dda32ca840,Index Scan;Limit;Nested Loop;Sort,ix_collision_location_date;ix_location_geography,plans/B03/B_13.json
B03,A,无匹配 geography GiST 索引,measure,14,264.662100,208.781700,0.909000,204.758000,3619,0,5,99f1e67ef622c0dfb987961084291a0bab58fea15a90b3bb1db776dda32ca840,Bitmap Heap Scan;Bitmap Index Scan;Gather Merge;Index Scan;Limit;Nested Loop;Sort,ix_collision_location_date;ix_location_geom,plans/B03/A_14.json
B03,B,geom::geography GiST 局部索引,measure,14,4.003400,5.682000,1.373000,0.515000,24,0,5,99f1e67ef622c0dfb987961084291a0bab58fea15a90b3bb1db776dda32ca840,Index Scan;Limit;Nested Loop;Sort,ix_collision_location_date;ix_location_geography,plans/B03/B_14.json
B03,A,无匹配 geography GiST 索引,measure,15,258.750300,266.711800,0.942000,262.413000,3619,0,5,99f1e67ef622c0dfb987961084291a0bab58fea15a90b3bb1db776dda32ca840,Bitmap Heap Scan;Bitmap Index Scan;Gather Merge;Index Scan;Limit;Nested Loop;Sort,ix_collision_location_date;ix_location_geom,plans/B03/A_15.json
B03,B,geom::geography GiST 局部索引,measure,15,5.804500,6.931900,1.427000,0.499000,24,0,5,99f1e67ef622c0dfb987961084291a0bab58fea15a90b3bb1db776dda32ca840,Index Scan;Limit;Nested Loop;Sort,ix_collision_location_date;ix_location_geography,plans/B03/B_15.json
B03,A,无匹配 geography GiST 索引,measure,16,221.303300,380.564600,1.281000,374.043000,3619,0,5,99f1e67ef622c0dfb987961084291a0bab58fea15a90b3bb1db776dda32ca840,Bitmap Heap Scan;Bitmap Index Scan;Gather Merge;Index Scan;Limit;Nested Loop;Sort,ix_collision_location_date;ix_location_geom,plans/B03/A_16.json
B03,B,geom::geography GiST 局部索引,measure,16,4.134900,5.840300,1.509000,0.460000,24,0,5,99f1e67ef622c0dfb987961084291a0bab58fea15a90b3bb1db776dda32ca840,Index Scan;Limit;Nested Loop;Sort,ix_collision_location_date;ix_location_geography,plans/B03/B_16.json
B03,A,无匹配 geography GiST 索引,measure,17,208.257400,233.592400,1.375000,227.797000,3619,0,5,99f1e67ef622c0dfb987961084291a0bab58fea15a90b3bb1db776dda32ca840,Bitmap Heap Scan;Bitmap Index Scan;Gather Merge;Index Scan;Limit;Nested Loop;Sort,ix_collision_location_date;ix_location_geom,plans/B03/A_17.json
B03,B,geom::geography GiST 局部索引,measure,17,5.691600,9.988700,2.785000,0.531000,23,0,5,99f1e67ef622c0dfb987961084291a0bab58fea15a90b3bb1db776dda32ca840,Index Scan;Limit;Nested Loop;Sort,ix_collision_location_date;ix_location_geography,plans/B03/B_17.json
B03,A,无匹配 geography GiST 索引,measure,18,218.582100,317.444600,1.540000,310.976000,3619,0,5,99f1e67ef622c0dfb987961084291a0bab58fea15a90b3bb1db776dda32ca840,Bitmap Heap Scan;Bitmap Index Scan;Gather Merge;Index Scan;Limit;Nested Loop;Sort,ix_collision_location_date;ix_location_geom,plans/B03/A_18.json
B03,B,geom::geography GiST 局部索引,measure,18,4.067200,4.848600,1.155000,0.462000,23,0,5,99f1e67ef622c0dfb987961084291a0bab58fea15a90b3bb1db776dda32ca840,Index Scan;Limit;Nested Loop;Sort,ix_collision_location_date;ix_location_geography,plans/B03/B_18.json
B03,A,无匹配 geography GiST 索引,measure,19,189.305000,222.833300,1.427000,217.058000,3619,0,5,99f1e67ef622c0dfb987961084291a0bab58fea15a90b3bb1db776dda32ca840,Bitmap Heap Scan;Bitmap Index Scan;Gather Merge;Index Scan;Limit;Nested Loop;Sort,ix_collision_location_date;ix_location_geom,plans/B03/A_19.json
B03,B,geom::geography GiST 局部索引,measure,19,4.309300,5.572400,1.381000,0.483000,23,0,5,99f1e67ef622c0dfb987961084291a0bab58fea15a90b3bb1db776dda32ca840,Index Scan;Limit;Nested Loop;Sort,ix_collision_location_date;ix_location_geography,plans/B03/B_19.json
B03,A,无匹配 geography GiST 索引,measure,20,234.508300,261.133500,1.010000,256.363000,3619,0,5,99f1e67ef622c0dfb987961084291a0bab58fea15a90b3bb1db776dda32ca840,Bitmap Heap Scan;Bitmap Index Scan;Gather Merge;Index Scan;Limit;Nested Loop;Sort,ix_collision_location_date;ix_location_geom,plans/B03/A_20.json
B03,B,geom::geography GiST 局部索引,measure,20,4.528200,5.833700,1.681000,0.468000,24,0,5,99f1e67ef622c0dfb987961084291a0bab58fea15a90b3bb1db776dda32ca840,Index Scan;Limit;Nested Loop;Sort,ix_collision_location_date;ix_location_geography,plans/B03/B_20.json
B04,A,EXISTS,warmup,1,226.200500,636.496600,7.720000,620.987000,7,2203,6,5e7027540c11b8ce3ca94c825d4bf748e02426949048f64c94005dee61e4e230,Aggregate;Hash;Hash Join;Index Only Scan;Seq Scan;Sort,ix_location_borough;ix_vehicle_type_collision,
B04,B,DISTINCT collision_id 子查询,warmup,1,177.837500,229.406000,1.176000,218.183000,2210,0,6,5e7027540c11b8ce3ca94c825d4bf748e02426949048f64c94005dee61e4e230,Aggregate;Hash;Hash Join;Index Only Scan;Seq Scan;Sort;Unique,ix_location_borough;ix_vehicle_type_collision,
B04,A,EXISTS,warmup,2,223.443700,274.695500,2.758000,260.001000,2210,0,6,5e7027540c11b8ce3ca94c825d4bf748e02426949048f64c94005dee61e4e230,Aggregate;Hash;Hash Join;Index Only Scan;Seq Scan;Sort,ix_location_borough;ix_vehicle_type_collision,
B04,B,DISTINCT collision_id 子查询,warmup,2,196.626600,265.829400,1.267000,254.089000,2210,0,6,5e7027540c11b8ce3ca94c825d4bf748e02426949048f64c94005dee61e4e230,Aggregate;Hash;Hash Join;Index Only Scan;Seq Scan;Sort;Unique,ix_location_borough;ix_vehicle_type_collision,
B04,A,EXISTS,warmup,3,189.380800,286.126800,1.286000,275.936000,2210,0,6,5e7027540c11b8ce3ca94c825d4bf748e02426949048f64c94005dee61e4e230,Aggregate;Hash;Hash Join;Index Only Scan;Seq Scan;Sort,ix_location_borough;ix_vehicle_type_collision,
B04,B,DISTINCT collision_id 子查询,warmup,3,171.977900,249.301600,2.065000,236.775000,2210,0,6,5e7027540c11b8ce3ca94c825d4bf748e02426949048f64c94005dee61e4e230,Aggregate;Hash;Hash Join;Index Only Scan;Seq Scan;Sort;Unique,ix_location_borough;ix_vehicle_type_collision,
B04,A,EXISTS,measure,1,197.150400,293.008600,2.016000,281.797000,2210,0,6,5e7027540c11b8ce3ca94c825d4bf748e02426949048f64c94005dee61e4e230,Aggregate;Hash;Hash Join;Index Only Scan;Seq Scan;Sort,ix_location_borough;ix_vehicle_type_collision,plans/B04/A_01.json
B04,B,DISTINCT collision_id 子查询,measure,1,177.313400,246.565600,1.247000,235.973000,2210,0,6,5e7027540c11b8ce3ca94c825d4bf748e02426949048f64c94005dee61e4e230,Aggregate;Hash;Hash Join;Index Only Scan;Seq Scan;Sort;Unique,ix_location_borough;ix_vehicle_type_collision,plans/B04/B_01.json
B04,A,EXISTS,measure,2,195.992100,308.400300,1.777000,297.799000,2210,0,6,5e7027540c11b8ce3ca94c825d4bf748e02426949048f64c94005dee61e4e230,Aggregate;Hash;Hash Join;Index Only Scan;Seq Scan;Sort,ix_location_borough;ix_vehicle_type_collision,plans/B04/A_02.json
B04,B,DISTINCT collision_id 子查询,measure,2,207.439700,288.181100,1.641000,274.899000,2210,0,6,5e7027540c11b8ce3ca94c825d4bf748e02426949048f64c94005dee61e4e230,Aggregate;Hash;Hash Join;Index Only Scan;Seq Scan;Sort;Unique,ix_location_borough;ix_vehicle_type_collision,plans/B04/B_02.json
B04,A,EXISTS,measure,3,222.951200,273.437800,1.213000,262.733000,2210,0,6,5e7027540c11b8ce3ca94c825d4bf748e02426949048f64c94005dee61e4e230,Aggregate;Hash;Hash Join;Index Only Scan;Seq Scan;Sort,ix_location_borough;ix_vehicle_type_collision,plans/B04/A_03.json
B04,B,DISTINCT collision_id 子查询,measure,3,166.842900,226.921900,0.924000,213.881000,2210,0,6,5e7027540c11b8ce3ca94c825d4bf748e02426949048f64c94005dee61e4e230,Aggregate;Hash;Hash Join;Index Only Scan;Seq Scan;Sort;Unique,ix_location_borough;ix_vehicle_type_collision,plans/B04/B_03.json
B04,A,EXISTS,measure,4,199.961800,287.093600,1.694000,277.278000,2210,0,6,5e7027540c11b8ce3ca94c825d4bf748e02426949048f64c94005dee61e4e230,Aggregate;Hash;Hash Join;Index Only Scan;Seq Scan;Sort,ix_location_borough;ix_vehicle_type_collision,plans/B04/A_04.json
B04,B,DISTINCT collision_id 子查询,measure,4,179.079400,239.988100,1.346000,230.315000,2210,0,6,5e7027540c11b8ce3ca94c825d4bf748e02426949048f64c94005dee61e4e230,Aggregate;Hash;Hash Join;Index Only Scan;Seq Scan;Sort;Unique,ix_location_borough;ix_vehicle_type_collision,plans/B04/B_04.json
B04,A,EXISTS,measure,5,227.085100,299.534700,1.892000,288.473000,2210,0,6,5e7027540c11b8ce3ca94c825d4bf748e02426949048f64c94005dee61e4e230,Aggregate;Hash;Hash Join;Index Only Scan;Seq Scan;Sort,ix_location_borough;ix_vehicle_type_collision,plans/B04/A_05.json
B04,B,DISTINCT collision_id 子查询,measure,5,193.002600,294.743500,2.523000,279.679000,2210,0,6,5e7027540c11b8ce3ca94c825d4bf748e02426949048f64c94005dee61e4e230,Aggregate;Hash;Hash Join;Index Only Scan;Seq Scan;Sort;Unique,ix_location_borough;ix_vehicle_type_collision,plans/B04/B_05.json
B04,A,EXISTS,measure,6,260.062200,303.851700,1.239000,294.240000,2210,0,6,5e7027540c11b8ce3ca94c825d4bf748e02426949048f64c94005dee61e4e230,Aggregate;Hash;Hash Join;Index Only Scan;Seq Scan;Sort,ix_location_borough;ix_vehicle_type_collision,plans/B04/A_06.json
B04,B,DISTINCT collision_id 子查询,measure,6,285.479200,377.946700,2.458000,359.934000,2210,0,6,5e7027540c11b8ce3ca94c825d4bf748e02426949048f64c94005dee61e4e230,Aggregate;Hash;Hash Join;Index Only Scan;Seq Scan;Sort;Unique,ix_location_borough;ix_vehicle_type_collision,plans/B04/B_06.json
B04,A,EXISTS,measure,7,283.425500,374.699900,1.923000,359.594000,2210,0,6,5e7027540c11b8ce3ca94c825d4bf748e02426949048f64c94005dee61e4e230,Aggregate;Hash;Hash Join;Index Only Scan;Seq Scan;Sort,ix_location_borough;ix_vehicle_type_collision,plans/B04/A_07.json
B04,B,DISTINCT collision_id 子查询,measure,7,218.617200,355.933300,1.320000,338.995000,2210,0,6,5e7027540c11b8ce3ca94c825d4bf748e02426949048f64c94005dee61e4e230,Aggregate;Hash;Hash Join;Index Only Scan;Seq Scan;Sort;Unique,ix_location_borough;ix_vehicle_type_collision,plans/B04/B_07.json
B04,A,EXISTS,measure,8,231.939200,282.003500,1.348000,271.783000,2210,0,6,5e7027540c11b8ce3ca94c825d4bf748e02426949048f64c94005dee61e4e230,Aggregate;Hash;Hash Join;Index Only Scan;Seq Scan;Sort,ix_location_borough;ix_vehicle_type_collision,plans/B04/A_08.json
B04,B,DISTINCT collision_id 子查询,measure,8,251.936600,256.814100,1.631000,242.978000,2210,0,6,5e7027540c11b8ce3ca94c825d4bf748e02426949048f64c94005dee61e4e230,Aggregate;Hash;Hash Join;Index Only Scan;Seq Scan;Sort;Unique,ix_location_borough;ix_vehicle_type_collision,plans/B04/B_08.json
B04,A,EXISTS,measure,9,273.570500,375.602500,2.014000,363.267000,2210,0,6,5e7027540c11b8ce3ca94c825d4bf748e02426949048f64c94005dee61e4e230,Aggregate;Hash;Hash Join;Index Only Scan;Seq Scan;Sort,ix_location_borough;ix_vehicle_type_collision,plans/B04/A_09.json
B04,B,DISTINCT collision_id 子查询,measure,9,374.594600,355.693800,2.135000,339.696000,2210,0,6,5e7027540c11b8ce3ca94c825d4bf748e02426949048f64c94005dee61e4e230,Aggregate;Hash;Hash Join;Index Only Scan;Seq Scan;Sort;Unique,ix_location_borough;ix_vehicle_type_collision,plans/B04/B_09.json
B04,A,EXISTS,measure,10,408.954600,532.787700,1.996000,484.742000,2210,0,6,5e7027540c11b8ce3ca94c825d4bf748e02426949048f64c94005dee61e4e230,Aggregate;Hash;Hash Join;Index Only Scan;Seq Scan;Sort,ix_location_borough;ix_vehicle_type_collision,plans/B04/A_10.json
B04,B,DISTINCT collision_id 子查询,measure,10,274.885400,390.057400,6.279000,368.443000,2210,0,6,5e7027540c11b8ce3ca94c825d4bf748e02426949048f64c94005dee61e4e230,Aggregate;Hash;Hash Join;Index Only Scan;Seq Scan;Sort;Unique,ix_location_borough;ix_vehicle_type_collision,plans/B04/B_10.json
B04,A,EXISTS,measure,11,1020.400500,511.856900,1.788000,488.996000,2210,0,6,5e7027540c11b8ce3ca94c825d4bf748e02426949048f64c94005dee61e4e230,Aggregate;Hash;Hash Join;Index Only Scan;Seq Scan;Sort,ix_location_borough;ix_vehicle_type_collision,plans/B04/A_11.json
B04,B,DISTINCT collision_id 子查询,measure,11,428.532200,560.141600,4.533000,537.037000,2210,0,6,5e7027540c11b8ce3ca94c825d4bf748e02426949048f64c94005dee61e4e230,Aggregate;Hash;Hash Join;Index Only Scan;Seq Scan;Sort;Unique,ix_location_borough;ix_vehicle_type_collision,plans/B04/B_11.json
B04,A,EXISTS,measure,12,493.385500,585.504300,1.916000,567.487000,2210,0,6,5e7027540c11b8ce3ca94c825d4bf748e02426949048f64c94005dee61e4e230,Aggregate;Hash;Hash Join;Index Only Scan;Seq Scan;Sort,ix_location_borough;ix_vehicle_type_collision,plans/B04/A_12.json
B04,B,DISTINCT collision_id 子查询,measure,12,345.582000,547.504200,2.043000,526.897000,2210,0,6,5e7027540c11b8ce3ca94c825d4bf748e02426949048f64c94005dee61e4e230,Aggregate;Hash;Hash Join;Index Only Scan;Seq Scan;Sort;Unique,ix_location_borough;ix_vehicle_type_collision,plans/B04/B_12.json
B04,A,EXISTS,measure,13,233.393800,398.808600,2.015000,386.628000,2210,0,6,5e7027540c11b8ce3ca94c825d4bf748e02426949048f64c94005dee61e4e230,Aggregate;Hash;Hash Join;Index Only Scan;Seq Scan;Sort,ix_location_borough;ix_vehicle_type_collision,plans/B04/A_13.json
B04,B,DISTINCT collision_id 子查询,measure,13,300.866000,400.861200,1.372000,390.441000,2210,0,6,5e7027540c11b8ce3ca94c825d4bf748e02426949048f64c94005dee61e4e230,Aggregate;Hash;Hash Join;Index Only Scan;Seq Scan;Sort;Unique,ix_location_borough;ix_vehicle_type_collision,plans/B04/B_13.json
B04,A,EXISTS,measure,14,223.276400,381.647500,1.823000,371.050000,2210,0,6,5e7027540c11b8ce3ca94c825d4bf748e02426949048f64c94005dee61e4e230,Aggregate;Hash;Hash Join;Index Only Scan;Seq Scan;Sort,ix_location_borough;ix_vehicle_type_collision,plans/B04/A_14.json
B04,B,DISTINCT collision_id 子查询,measure,14,185.769700,250.167200,1.231000,238.933000,2210,0,6,5e7027540c11b8ce3ca94c825d4bf748e02426949048f64c94005dee61e4e230,Aggregate;Hash;Hash Join;Index Only Scan;Seq Scan;Sort;Unique,ix_location_borough;ix_vehicle_type_collision,plans/B04/B_14.json
B04,A,EXISTS,measure,15,268.767600,352.915400,2.883000,337.288000,2210,0,6,5e7027540c11b8ce3ca94c825d4bf748e02426949048f64c94005dee61e4e230,Aggregate;Hash;Hash Join;Index Only Scan;Seq Scan;Sort,ix_location_borough;ix_vehicle_type_collision,plans/B04/A_15.json
B04,B,DISTINCT collision_id 子查询,measure,15,208.151600,348.749700,2.293000,332.764000,2210,0,6,5e7027540c11b8ce3ca94c825d4bf748e02426949048f64c94005dee61e4e230,Aggregate;Hash;Hash Join;Index Only Scan;Seq Scan;Sort;Unique,ix_location_borough;ix_vehicle_type_collision,plans/B04/B_15.json
B04,A,EXISTS,measure,16,326.586800,318.591900,3.162000,306.594000,2210,0,6,5e7027540c11b8ce3ca94c825d4bf748e02426949048f64c94005dee61e4e230,Aggregate;Hash;Hash Join;Index Only Scan;Seq Scan;Sort,ix_location_borough;ix_vehicle_type_collision,plans/B04/A_16.json
B04,B,DISTINCT collision_id 子查询,measure,16,337.117300,453.796300,5.320000,431.301000,2210,0,6,5e7027540c11b8ce3ca94c825d4bf748e02426949048f64c94005dee61e4e230,Aggregate;Hash;Hash Join;Index Only Scan;Seq Scan;Sort;Unique,ix_location_borough;ix_vehicle_type_collision,plans/B04/B_16.json
B04,A,EXISTS,measure,17,469.046900,556.067300,2.024000,535.918000,2210,0,6,5e7027540c11b8ce3ca94c825d4bf748e02426949048f64c94005dee61e4e230,Aggregate;Hash;Hash Join;Index Only Scan;Seq Scan;Sort,ix_location_borough;ix_vehicle_type_collision,plans/B04/A_17.json
B04,B,DISTINCT collision_id 子查询,measure,17,277.705400,443.618600,4.183000,419.138000,2210,0,6,5e7027540c11b8ce3ca94c825d4bf748e02426949048f64c94005dee61e4e230,Aggregate;Hash;Hash Join;Index Only Scan;Seq Scan;Sort;Unique,ix_location_borough;ix_vehicle_type_collision,plans/B04/B_17.json
B04,A,EXISTS,measure,18,218.511600,346.252400,2.580000,332.620000,2210,0,6,5e7027540c11b8ce3ca94c825d4bf748e02426949048f64c94005dee61e4e230,Aggregate;Hash;Hash Join;Index Only Scan;Seq Scan;Sort,ix_location_borough;ix_vehicle_type_collision,plans/B04/A_18.json
B04,B,DISTINCT collision_id 子查询,measure,18,161.932700,305.677700,0.957000,296.096000,2210,0,6,5e7027540c11b8ce3ca94c825d4bf748e02426949048f64c94005dee61e4e230,Aggregate;Hash;Hash Join;Index Only Scan;Seq Scan;Sort;Unique,ix_location_borough;ix_vehicle_type_collision,plans/B04/B_18.json
B04,A,EXISTS,measure,19,283.508800,272.390500,1.257000,263.195000,2210,0,6,5e7027540c11b8ce3ca94c825d4bf748e02426949048f64c94005dee61e4e230,Aggregate;Hash;Hash Join;Index Only Scan;Seq Scan;Sort,ix_location_borough;ix_vehicle_type_collision,plans/B04/A_19.json
B04,B,DISTINCT collision_id 子查询,measure,19,237.053300,319.898900,1.471000,305.885000,2210,0,6,5e7027540c11b8ce3ca94c825d4bf748e02426949048f64c94005dee61e4e230,Aggregate;Hash;Hash Join;Index Only Scan;Seq Scan;Sort;Unique,ix_location_borough;ix_vehicle_type_collision,plans/B04/B_19.json
B04,A,EXISTS,measure,20,283.175200,444.121200,2.641000,429.656000,2210,0,6,5e7027540c11b8ce3ca94c825d4bf748e02426949048f64c94005dee61e4e230,Aggregate;Hash;Hash Join;Index Only Scan;Seq Scan;Sort,ix_location_borough;ix_vehicle_type_collision,plans/B04/A_20.json
B04,B,DISTINCT collision_id 子查询,measure,20,207.771200,458.763100,1.949000,444.046000,2210,0,6,5e7027540c11b8ce3ca94c825d4bf748e02426949048f64c94005dee61e4e230,Aggregate;Hash;Hash Join;Index Only Scan;Seq Scan;Sort;Unique,ix_location_borough;ix_vehicle_type_collision,plans/B04/B_20.json
